run_date,issuer,issuer_name,symbol,cusip,coupon,maturity,years_to_maturity,bucket,price,yield_pct,treasury_pct,spread_bps,last_trade_date,trade_age_days,sp_rating,moodys_rating,callable,is_144a
2026-07-29,Alphabet,ALPHABET INC,GOOG5025300,02079KAJ6,0.8,2027-08-15,1.046,1-3Y,96.67,4.097841,4.0482546201232035,4.959,2026-07-29,0,AA+,Aa2,Y,N
2026-07-29,Alphabet,ALPHABET INC,GOOG6223816,02079KAV9,3.875,2028-11-15,2.3,1-3Y,98.769,4.44352,4.240985626283368,20.253,2026-07-29,0,AA+,Aa2,Y,N
2026-07-29,Alphabet,ALPHABET INC,GOOG6308908,02079KBJ5,3.7,2029-02-15,2.552,1-3Y,97.932,4.570372,4.2586173853524985,31.175,2026-07-29,0,AA+,Aa2,Y,N
2026-07-29,Alphabet,ALPHABET INC,GOOG6065580,02079KAK3,4.0,2030-05-15,3.795,3-7Y,97.719,4.661653,4.321786447638604,33.987,2026-07-29,0,AA+,Aa2,Y,N
2026-07-29,Alphabet,ALPHABET INC,GOOG5025306,02079KAD9,1.1,2030-08-15,4.047,3-7Y,86.928,4.687893,4.33186173853525,35.603,2026-07-29,0,AA+,Aa2,Y,N
2026-07-29,Alphabet,ALPHABET INC,GOOG6223818,02079KAW7,4.1,2030-11-15,4.298,3-7Y,97.093,4.857011,4.341937029431896,51.507,2026-07-29,0,AA+,Aa2,Y,N
2026-07-29,Alphabet,ALPHABET INC,GOOG6308909,02079KBK2,4.1,2031-02-15,4.55,3-7Y,97.0,4.843319,4.352012320328543,49.131,2026-07-29,0,AA+,Aa2,Y,N
2026-07-29,Alphabet,ALPHABET INC,GOOG6224225,02079KAX5,4.375,2032-11-15,6.3,3-7Y,96.585,5.013365,4.460985626283367,55.238,2026-07-29,0,AA+,Aa2,Y,N
2026-07-29,Alphabet,ALPHABET INC,GOOG6308911,02079KBL0,4.4,2033-02-15,6.552,3-7Y,95.92,5.141971,4.478617385352498,66.335,2026-07-29,0,AA+,Aa2,Y,N
2026-07-29,Alphabet,ALPHABET INC,GOOG6065581,02079KAL1,4.5,2035-05-15,8.794,7-12Y,94.941,5.223996,4.605678758840976,61.832,2026-07-29,0,AA+,Aa2,Y,N
2026-07-29,Alphabet,ALPHABET INC,GOOG6224226,02079KAY3,4.7,2035-11-15,9.298,7-12Y,94.853,5.411064,4.632546201232032,77.852,2026-07-29,0,AA+,Aa2,Y,N
2026-07-29,Alphabet,ALPHABET INC,GOOG6308907,02079KBM8,4.8,2036-02-15,9.55,7-12Y,94.997,5.479951,4.645979922427561,83.397,2026-07-29,0,AA+,Aa2,Y,N
2026-07-29,Alphabet,ALPHABET INC,GOOG5025303,02079KAE7,1.9,2040-08-15,14.048,12Y+,63.626,5.69828,4.88858726899384,80.969,2026-07-29,0,AA+,Aa2,Y,N
2026-07-29,Alphabet,ALPHABET INC,GOOG6224227,02079KAZ0,5.35,2045-11-15,19.299,12Y+,91.12,6.140978,5.1721519507186855,96.883,2026-07-29,0,AA+,Aa2,Y,N
2026-07-29,Alphabet,ALPHABET INC,GOOG6308906,02079KBN6,5.5,2046-02-15,19.551,12Y+,92.795,6.137706,5.185753593429158,95.195,2026-07-29,0,AA+,Aa2,Y,N
2026-07-29,Alphabet,ALPHABET INC,GOOG5025304,02079KAF4,2.05,2050-08-15,24.047,12Y+,49.482,6.072267,5.205953456536619,86.631,2026-07-29,0,AA+,Aa2,Y,N
2026-07-29,Alphabet,ALPHABET INC,GOOG6065578,02079KAM9,5.25,2055-05-15,28.794,12Y+,86.367,6.27893,5.201206023271732,107.772,2026-07-29,0,AA+,Aa2,Y,N
2026-07-29,Alphabet,ALPHABET INC,GOOG6224228,02079KBA4,5.45,2055-11-15,29.298,12Y+,88.75,6.295096,5.200702258726899,109.439,2026-07-29,0,AA+,Aa2,Y,N
2026-07-29,Alphabet,ALPHABET INC,GOOG6308428,02079KBP1,5.65,2056-02-15,29.55,12Y+,91.779,6.26403,5.200450376454484,106.358,2026-07-29,0,AA+,Aa2,Y,N
2026-07-29,Alphabet,ALPHABET INC,GOOG5025305,02079KAG2,2.25,2060-08-15,34.048,12Y+,45.991,5.983089,5.2,78.309,2026-07-29,0,AA+,Aa2,Y,N
2026-07-29,Alphabet,ALPHABET INC,GOOG6065579,02079KAN7,5.3,2065-05-15,38.795,12Y+,84.159,6.410986,5.2,121.099,2026-07-29,0,AA+,Aa2,Y,N
2026-07-29,Alphabet,ALPHABET INC,GOOG6308427,02079KBQ9,5.75,2066-02-15,39.551,12Y+,89.961,6.454953,5.2,125.495,2026-07-29,0,AA+,Aa2,Y,N
2026-07-29,Alphabet,ALPHABET INC,GOOG6224229,02079KBB2,5.7,2075-11-15,49.298,12Y+,88.233,6.498032,5.2,129.803,2026-07-29,0,AA+,Aa2,Y,N
2026-07-29,Amazon,AMAZON COM INC,AMZN4531862,023135BC9,3.15,2027-08-22,1.065,1-3Y,98.869,4.249624,4.05170431211499,19.792,2026-07-29,0,AA,A1,Y,N
2026-07-29,Amazon,AMAZON COM INC,AMZN5508428,023135CP9,4.55,2027-12-01,1.342,1-3Y,100.483,4.148669,4.101478439425051,4.719,2026-07-29,0,AA,A1,Y,N
2026-07-29,Amazon,AMAZON COM INC,AMZN6336484,023135DB9,3.85,2028-03-13,1.624,1-3Y,99.13,4.41006,4.15223819301848,25.782,2026-07-29,0,AA,A1,N,N
2026-07-29,Amazon,AMAZON COM INC,AMZN5182956,023135BY1,1.65,2028-05-12,1.788,1-3Y,95.29,4.424475,4.181806981519507,24.267,2026-07-29,0,AA,A1,Y,N
2026-07-29,Amazon,AMAZON COM INC,AMZN6237347,023135CS3,3.9,2028-11-20,2.313,1-3Y,98.515,4.583652,4.2419438740588635,34.171,2026-07-29,0,AA,A1,Y,N
2026-07-29,Amazon,AMAZON COM INC,AMZN6336478,023135DC7,4.0,2029-03-13,2.623,1-3Y,98.335,4.681069,4.263600273785078,41.747,2026-07-29,0,AA,A1,Y,N
2026-07-29,Amazon,AMAZON COM INC,AMZN5396182,023135CG9,3.45,2029-04-13,2.708,1-3Y,96.825,4.712962,4.269541409993155,44.342,2026-07-29,0,AA,A1,Y,N
2026-07-29,Amazon,AMAZON COM INC,AMZN6448288,023135EB8,4.6,2029-07-09,2.946,1-3Y,99.693,4.711973,4.28621492128679,42.576,2026-07-29,0,AA,A1,Y,N
2026-07-29,Amazon,AMAZON COM INC,AMZN5508429,023135CQ7,4.65,2029-12-01,3.343,3-7Y,100.006,4.646117,4.303716632443532,34.24,2026-07-29,0,AA,A1,Y,N
2026-07-29,Amazon,AMAZON COM INC,AMZN4996699,023135BS4,1.5,2030-06-03,3.847,3-7Y,88.263,4.887485,4.323867214236824,56.362,2026-07-29,0,AA,A1,Y,N
2026-07-29,Amazon,AMAZON COM INC,AMZN6237345,023135CT1,4.1,2030-11-20,4.312,3-7Y,96.719,4.954008,4.342484599589323,61.152,2026-07-29,0,AA,A1,Y,N
2026-07-29,Amazon,AMAZON COM INC,AMZN6336474,023135DD5,4.25,2031-03-13,4.621,3-7Y,96.851,5.021101,4.35485968514716,66.624,2026-07-29,0,AA,A1,Y,N
2026-07-29,Amazon,AMAZON COM INC,AMZN5182957,023135BZ8,2.1,2031-05-12,4.786,3-7Y,87.776,5.004545,4.361430527036276,64.311,2026-07-29,0,AA,A1,Y,N
2026-07-29,Amazon,AMAZON COM INC,AMZN6448289,023135EC6,4.8,2031-07-09,4.945,3-7Y,98.8,5.076905,4.367782340862423,70.912,2026-07-29,0,AA,A1,Y,N
2026-07-29,Amazon,AMAZON COM INC,AMZN5396183,023135CH7,3.6,2032-04-13,5.708,3-7Y,92.982,5.029755,4.41958932238193,61.017,2026-07-29,0,AA,A1,Y,N
2026-07-29,Amazon,AMAZON COM INC,AMZN5508430,023135CR5,4.7,2032-12-01,6.344,3-7Y,98.387,4.998969,4.4640520191649555,53.492,2026-07-29,0,AA,A1,Y,N
2026-07-29,Amazon,AMAZON COM INC,AMZN6336476,023135DE3,4.55,2033-03-13,6.623,3-7Y,96.161,5.24293,4.483600273785078,75.933,2026-07-29,0,AA,A1,Y,N
2026-07-29,Amazon,AMAZON COM INC,AMZN6237348,023135CU8,4.35,2033-03-20,6.642,3-7Y,95.115,5.229387,4.484941820670773,74.445,2026-07-29,0,AA,A1,Y,N
2026-07-29,Amazon,AMAZON COM INC,AMZN6448290,023135ED4,5.1,2033-07-09,6.946,3-7Y,99.579,5.172379,4.50621492128679,66.616,2026-07-29,0,AA,A1,Y,N
2026-07-29,Amazon,AMAZON COM INC,AMZN4190411,023135AP1,4.8,2034-12-05,8.353,7-12Y,97.078,5.235612,4.582169746748802,65.344,2026-07-29,0,AA,A1,Y,N
2026-07-29,Amazon,AMAZON COM INC,AMZN6237343,023135CV6,4.65,2035-11-20,9.311,7-12Y,93.848,5.502573,4.633276294775268,86.93,2026-07-29,0,AA,A1,Y,N
2026-07-29,Amazon,AMAZON COM INC,AMZN6336477,023135DF0,4.875,2036-03-13,9.624,7-12Y,94.73,5.58989,4.649922427561031,93.997,2026-07-29,0,AA,A1,Y,N
2026-07-29,Amazon,AMAZON COM INC,AMZN6448291,023135EE2,5.3,2036-07-09,9.947,7-12Y,97.871,5.581435,4.667152635181383,91.428,2026-07-29,0,AA,A1,Y,N
2026-07-29,Amazon,AMAZON COM INC,AMZN4531864,023135BF2,3.875,2037-08-22,11.066,7-12Y,86.6,5.508538,4.72758521560575,78.095,2026-07-29,0,AA,A1,Y,N
2026-07-29,Amazon,AMAZON COM INC,AMZN5182958,023135CA2,2.875,2041-05-12,14.787,12Y+,70.573,5.881675,4.9285051334702255,95.317,2026-07-29,0,AA,A1,Y,N
2026-07-29,Amazon,AMAZON COM INC,AMZN4190413,023135AQ9,4.95,2044-12-05,18.355,12Y+,88.155,6.024921,5.121145790554415,90.378,2026-07-29,0,AA,A1,Y,N
2026-07-29,Amazon,AMAZON COM INC,AMZN6336480,023135DG8,5.65,2046-03-13,19.622,12Y+,92.318,6.338968,5.189597535934292,114.937,2026-07-29,0,AA,A1,Y,N
2026-07-29,Amazon,AMAZON COM INC,AMZN6448292,023135EF9,6.0,2046-07-09,19.945,12Y+,96.68,6.294143,5.207043121149898,108.71,2026-07-29,0,AA,A1,Y,N
2026-07-29,Amazon,AMAZON COM INC,AMZN4531866,023135BJ4,4.05,2047-08-22,21.065,12Y+,73.728,6.32402,5.208934976043806,111.509,2026-07-29,0,AA,A1,Y,N
2026-07-29,Amazon,AMAZON COM INC,AMZN4996700,023135BT2,2.5,2050-06-03,23.847,12Y+,52.842,6.372993,5.20615331964408,116.684,2026-07-29,0,AA,A1,Y,N
2026-07-29,Amazon,AMAZON COM INC,AMZN5182959,023135CB0,3.1,2051-05-12,24.786,12Y+,59.404,6.382402,5.2052142368240935,117.719,2026-07-29,0,AA,A1,Y,N
2026-07-29,Amazon,AMAZON COM INC,AMZN5396184,023135CJ3,3.95,2052-04-13,25.708,12Y+,70.206,6.30603,5.20429158110883,110.174,2026-07-29,0,AA,A1,Y,N
2026-07-29,Amazon,AMAZON COM INC,AMZN6237344,023135CW4,5.45,2055-11-20,29.311,12Y+,89.179,6.259749,5.200688569472964,105.906,2026-07-29,0,AA,A1,Y,N
2026-07-29,Amazon,AMAZON COM INC,AMZN6336481,023135DH6,5.8,2056-03-13,29.624,12Y+,90.869,6.497751,5.200376454483231,129.737,2026-07-29,0,AA,A1,Y,N
2026-07-29,Amazon,AMAZON COM INC,AMZN6448293,023135EG7,6.1,2056-07-09,29.947,12Y+,95.101,6.471981,5.20005338809035,127.193,2026-07-29,0,AA,A1,Y,N
2026-07-29,Amazon,AMAZON COM INC,AMZN4531868,023135BM7,4.25,2057-08-22,31.066,12Y+,71.932,6.324998,5.2,112.5,2026-07-29,0,AA,A1,Y,N
2026-07-29,Amazon,AMAZON COM INC,AMZN4996701,023135BU9,2.7,2060-06-03,33.848,12Y+,49.866156,6.298795,5.2,109.879,2026-07-29,0,AA,A1,Y,N
2026-07-29,Amazon,AMAZON COM INC,AMZN5182960,023135CC8,3.25,2061-05-12,34.787,12Y+,56.63,6.360485,5.2,116.048,2026-07-29,0,AA,A1,Y,N
2026-07-29,Amazon,AMAZON COM INC,AMZN5396185,023135CK0,4.1,2062-04-13,35.707,12Y+,69.956,6.199488,5.2,99.949,2026-07-29,0,AA,A1,Y,N
2026-07-29,Amazon,AMAZON COM INC,AMZN6237342,023135CY0,5.55,2065-11-20,39.313,12Y+,85.721315,6.567262,5.2,136.726,2026-07-29,0,AA,A1,Y,N
2026-07-29,Amazon,AMAZON COM INC,AMZN6336483,023135DJ2,5.95,2066-03-13,39.622,12Y+,90.749,6.611286,5.2,141.129,2026-07-29,0,AA,A1,Y,N
2026-07-29,Amazon,AMAZON COM INC,AMZN6448294,023135EH5,6.25,2066-07-09,39.945,12Y+,95.022,6.60493,5.2,140.493,2026-07-29,0,AA,A1,Y,N
2026-07-29,Amazon,AMAZON COM INC,AMZN6336479,023135DK9,6.05,2076-03-13,49.624,12Y+,90.698,6.696968,5.2,149.697,2026-07-29,0,AA,A1,Y,N
2026-07-29,Broadcom,BROADCOM CORP / BROADCOM CAYMAN FIN LTD,BRCM4594887,11134LAR0,3.5,2028-01-15,1.465,1-3Y,98.431,4.623861,4.123655030800821,50.021,2026-07-29,0,A-,A2,Y,N
2026-07-29,Broadcom,BROADCOM INC,AVGO6212794,11135FCP4,1.95,2028-02-15,1.55,1-3Y,95.972,4.688218,4.138932238193019,54.929,2026-07-29,0,A-,A3,Y,N
2026-07-29,Broadcom,BROADCOM INC,AVGO5974779,11135FCE9,4.8,2028-04-15,1.714,1-3Y,100.298,4.605556,4.168501026694045,43.705,2026-07-29,0,A-,A3,Y,N
2026-07-29,Broadcom,BROADCOM INC,AVGO5015635,11135FBA8,4.75,2029-04-15,2.713,1-3Y,99.927,4.776342,4.269924709103353,50.642,2026-07-29,0,A-,A3,Y,N
2026-07-29,Broadcom,BROADCOM INC,AVGO6461741,11135FBS9,4.0,2029-04-15,2.713,1-3Y,97.955,4.812081,4.269924709103353,54.216,2026-07-29,0,A-,A3,Y,N
2026-07-29,Broadcom,BROADCOM INC,AVGO5904454,11135FCB5,4.35,2030-02-15,3.551,3-7Y,97.716,5.061883,4.312039698836413,74.984,2026-07-29,0,A-,A3,Y,N
2026-07-29,Broadcom,BROADCOM INC,AVGO5015229,11135FBD2,5.0,2030-04-15,3.713,3-7Y,99.916,5.022855,4.318501026694046,70.435,2026-07-29,0,A-,A3,Y,N
2026-07-29,Broadcom,BROADCOM INC,AVGO5975001,11135FCF6,5.05,2030-04-15,3.713,3-7Y,100.201,4.9875,4.318501026694046,66.9,2026-07-29,0,A-,A3,Y,N
2026-07-29,Broadcom,BROADCOM INC,AVGO6118452,11135FCK5,4.6,2030-07-15,3.962,3-7Y,98.21,5.104538,4.328466803559206,77.607,2026-07-29,0,A-,A3,Y,N
2026-07-29,Broadcom,BROADCOM INC,AVGO6183130,11135FCW9,4.2,2030-10-15,4.214,3-7Y,96.678,5.085104,4.338542094455852,74.656,2026-07-29,0,A-,A3,Y,N
2026-07-29,Broadcom,BROADCOM INC,AVGO5014743,11135FAQ4,4.15,2030-11-15,4.298,3-7Y,96.246,5.134079,4.341937029431896,79.214,2026-07-29,0,A-,A3,Y,N
2026-07-29,Broadcom,BROADCOM INC,AVGO6276536,11135FCZ2,4.3,2031-01-15,4.465,3-7Y,96.759,5.121813,4.348617385352498,77.32,2026-07-29,0,A-,A3,Y,N
2026-07-29,Broadcom,BROADCOM INC,AVGO6212822,11135FCQ2,2.45,2031-02-15,4.55,3-7Y,89.132,5.164907,4.352012320328543,81.289,2026-07-29,0,A-,A3,Y,N
2026-07-29,Broadcom,BROADCOM INC,AVGO5846651,11135FBY6,5.15,2031-11-15,5.298,3-7Y,99.86,5.17884,4.390841889117043,78.8,2026-07-29,0,A-,A3,Y,N
2026-07-29,Broadcom,BROADCOM INC,AVGO5904416,11135FCC3,4.55,2032-02-15,5.55,3-7Y,96.561,5.273266,4.408473648186174,86.479,2026-07-29,0,A-,A3,Y,N
2026-07-29,Broadcom,BROADCOM INC,AVGO6461742,11135FBU4,4.15,2032-04-15,5.714,3-7Y,94.326,5.314044,4.419972621492128,89.407,2026-07-29,0,A-,A3,Y,N
2026-07-29,Broadcom,BROADCOM INC,AVGO5974998,11135FCG4,5.2,2032-04-15,5.714,3-7Y,99.55055,5.290557,4.419972621492128,87.058,2026-07-29,0,A-,A3,Y,N
2026-07-29,Broadcom,BROADCOM INC,AVGO6118460,11135FCL3,4.9,2032-07-15,5.963,3-7Y,98.56,5.183542,4.43741273100616,74.613,2026-07-29,0,A-,A3,Y,N
2026-07-29,Broadcom,BROADCOM INC,AVGO5014742,11135FAS0,4.3,2032-11-15,6.3,3-7Y,94.522,5.335119,4.460985626283367,87.413,2026-07-29,0,A-,A3,Y,N
2026-07-29,Broadcom,BROADCOM INC,AVGO6276421,11135FDA6,4.6,2033-01-15,6.467,3-7Y,95.18,5.496265,4.472676249144421,102.359,2026-07-29,0,A-,A3,Y,N
2026-07-29,Broadcom,BROADCOM INC,AVGO6212798,11135FCR0,2.6,2033-02-15,6.552,3-7Y,84.467,5.454926,4.478617385352498,97.631,2026-07-29,0,A-,A3,Y,N
2026-07-29,Broadcom,BROADCOM CORP,AVGO4148054,111320AJ6,4.5,2034-08-01,8.008,7-12Y,92.114,5.731969,4.563771389459275,116.82,2026-06-30,29,A-,,Y,N
2026-07-29,Broadcom,BROADCOM INC,AVGO5905169,11135FCD1,4.8,2034-10-15,8.214,7-12Y,94.05,5.717067,4.574722792607803,114.234,2026-07-29,0,A-,A3,Y,N
2026-07-29,Broadcom,BROADCOM INC,AVGO6118448,11135FCM1,5.2,2035-07-15,8.961,7-12Y,95.86,5.798629,4.614585900068446,118.404,2026-07-29,0,A-,A3,Y,N
2026-07-29,Broadcom,BROADCOM INC,AVGO6461739,11135FBM2,3.137,2035-11-15,9.298,7-12Y,80.965,5.817061,4.632546201232032,118.451,2026-07-29,0,A-,A3,Y,N
2026-07-29,Broadcom,BROADCOM INC,AVGO6276537,11135FDB4,4.95,2036-01-15,9.465,7-12Y,93.551,5.846953,4.641453342459503,120.55,2026-07-29,0,A-,A3,Y,N
2026-07-29,Broadcom,BROADCOM INC,AVGO6183495,11135FCY5,4.8,2036-02-15,9.55,7-12Y,92.37,5.854682,4.645979922427561,120.87,2026-07-29,0,A-,A3,Y,N
2026-07-29,Broadcom,BROADCOM INC,AVGO6461468,11135FBN0,3.187,2036-11-15,10.3,7-12Y,79.709,5.836768,4.686188911704312,115.058,2026-07-29,0,A-,A3,Y,N
2026-07-29,Broadcom,BROADCOM INC,AVGO6183496,11135FCX7,4.9,2038-02-15,11.551,7-12Y,93.62,5.660062,4.753753593429158,90.631,2026-07-29,0,A-,A3,Y,N
2026-07-29,Broadcom,BROADCOM INC,AVGO6209464,11135FCV1,3.5,2041-02-15,14.552,12Y+,75.124,6.105465,4.915790554414785,118.967,2026-07-29,0,A-,A3,Y,N
2026-07-29,Broadcom,BROADCOM INC,AVGO6213514,11135FCS8,3.75,2051-02-15,24.55,12Y+,67.61,6.379037,5.205449691991786,117.359,2026-07-29,0,A-,A3,Y,N
2026-07-29,Broadcom,BROADCOM INC,AVGO6276420,11135FDD0,5.7,2056-01-15,29.465,12Y+,88.45,6.593493,5.200535249828884,139.296,2026-07-29,0,A-,A3,Y,N
2026-07-29,Meta,META PLATFORMS INC,FB5509319,30303M8G0,3.5,2027-08-15,1.046,1-3Y,99.03,4.461886,4.0482546201232035,41.363,2026-07-29,0,AA-,Aa3,Y,N
2026-07-29,Meta,META PLATFORMS INC,FB5581187,30303M8L9,4.6,2028-05-15,1.796,1-3Y,100.096,4.539154,4.183285420944558,35.587,2026-07-29,0,AA-,Aa3,Y,N
2026-07-29,Meta,META PLATFORMS INC,FB5868522,30303M8S4,4.3,2029-08-15,3.047,3-7Y,98.963,4.668993,4.291889117043121,37.71,2026-07-29,0,AA-,Aa3,Y,N
2026-07-29,Meta,META PLATFORMS INC,FB5581188,30303M8M7,4.8,2030-05-15,3.795,3-7Y,100.246,4.724896,4.321786447638604,40.311,2026-07-29,0,AA-,Aa3,Y,N
2026-07-29,Meta,META PLATFORMS INC,FB6221366,30303MAB8,4.2,2030-11-15,4.298,3-7Y,98.139,4.682162,4.341937029431896,34.022,2026-07-29,0,AA-,Aa3,Y,N
2026-07-29,Meta,META PLATFORMS INC,FB6383864,30303MAF9,4.55,2031-05-15,4.794,3-7Y,97.497,5.143881,4.361759069130732,78.212,2026-07-29,0,AA-,Aa3,Y,N
2026-07-29,Meta,META PLATFORMS INC,FB5868523,30303M8T2,4.55,2031-08-15,5.046,3-7Y,97.684,5.075933,4.373210130047912,70.272,2026-07-29,0,AA-,Aa3,Y,N
2026-07-29,Meta,META PLATFORMS INC,FB5522168,30303M8H8,3.85,2032-08-15,6.048,3-7Y,92.758,5.264599,4.4433538672142365,82.125,2026-07-29,0,AA-,Aa3,Y,N
2026-07-29,Meta,META PLATFORMS INC,FB6221367,30303MAC6,4.6,2032-11-15,6.3,3-7Y,96.814,5.198854,4.460985626283367,73.787,2026-07-29,0,AA-,Aa3,Y,N
2026-07-29,Meta,META PLATFORMS INC,FB5581329,30303M8N5,4.95,2033-05-15,6.795,3-7Y,97.522692,5.388989,4.495674195756331,89.331,2026-07-29,0,AA-,Aa3,Y,N
2026-07-29,Meta,META PLATFORMS INC,FB6383865,30303MAG7,4.875,2033-05-15,6.795,3-7Y,96.705,5.460344,4.495674195756331,96.467,2026-07-29,0,AA-,Aa3,Y,N
2026-07-29,Meta,META PLATFORMS INC,FB5868811,30303M8U9,4.75,2034-08-15,8.047,7-12Y,95.143,5.505266,4.5658156513803325,93.945,2026-07-29,0,AA-,Aa3,Y,N
2026-07-29,Meta,META PLATFORMS INC,FB6221368,30303MAD4,4.875,2035-11-15,9.298,7-12Y,93.648,5.76644,4.632546201232032,113.389,2026-07-29,0,AA-,Aa3,Y,N
2026-07-29,Meta,META PLATFORMS INC,FB6383866,30303MAH5,5.25,2036-05-15,9.796,7-12Y,95.596,5.84546,4.659121606205795,118.634,2026-07-29,0,AA-,Aa3,Y,N
2026-07-29,Meta,META PLATFORMS INC,FB6221369,30303M8X3,5.5,2045-11-15,19.299,12Y+,86.42,6.770246,5.1721519507186855,159.809,2026-07-29,0,AA-,Aa3,Y,N
2026-07-29,Meta,META PLATFORMS INC,FB6383867,30303MAJ1,6.2,2046-05-15,19.795,12Y+,93.515,6.799433,5.198911704312115,160.052,2026-07-29,0,AA-,Aa3,Y,N
2026-07-29,Meta,META PLATFORMS INC,FB5522214,30303M8J4,4.45,2052-08-15,26.048,12Y+,72.46386,6.698708,5.203952087611225,149.476,2026-07-29,0,AA-,Aa3,Y,N
2026-07-29,Meta,META PLATFORMS INC,FB5581330,30303M8Q8,5.6,2053-05-15,26.795,12Y+,83.491,6.967828,5.203204654346338,176.462,2026-07-29,0,AA-,Aa3,Y,N
2026-07-29,Meta,META PLATFORMS INC,FB5868809,30303M8V7,5.4,2054-08-15,28.047,12Y+,80.921,6.955444,5.201953456536619,175.349,2026-07-29,0,AA-,Aa3,Y,N
2026-07-29,Meta,META PLATFORMS INC,FB6221364,30303MAE2,5.625,2055-11-15,29.298,12Y+,84.93948,6.818594,5.200702258726899,161.789,2026-07-29,0,AA-,Aa3,Y,N
2026-07-29,Meta,META PLATFORMS INC,FB6383871,30303MAK8,6.3,2056-05-15,29.796,12Y+,93.17496,6.838179,5.200203969883641,163.798,2026-07-29,0,AA-,Aa3,Y,N
2026-07-29,Meta,META PLATFORMS INC,FB5522241,30303M8K1,4.65,2062-08-15,36.047,12Y+,69.5,6.972956,5.2,177.296,2026-07-29,0,AA-,Aa3,Y,N
2026-07-29,Meta,META PLATFORMS INC,FB5581331,30303M8R6,5.75,2063-05-15,36.794,12Y+,83.458,7.008266,5.2,180.827,2026-07-29,0,AA-,Aa3,Y,N
2026-07-29,Meta,META PLATFORMS INC,FB5868810,30303M8W5,5.55,2064-08-15,38.048,12Y+,79.8,7.090875,5.2,189.087,2026-07-29,0,AA-,Aa3,Y,N
2026-07-29,Meta,META PLATFORMS INC,FB6221365,30303M8Y1,5.75,2065-11-15,39.299,12Y+,82.238,7.096576,5.2,189.658,2026-07-29,0,AA-,Aa3,Y,N
2026-07-29,Meta,META PLATFORMS INC,FB6383870,30303MAL6,6.45,2066-05-15,39.795,12Y+,91.546,7.087869,5.2,188.787,2026-07-29,0,AA-,Aa3,Y,N
2026-07-29,Microsoft,MICROSOFT CORP,MSFT5828002,594918CS1,1.35,2030-09-15,4.131,3-7Y,88.344,4.475591,4.335256673511294,14.033,2026-07-29,0,AAA,Aaa,Y,N
2026-07-29,Microsoft,MICROSOFT CORP,MSFT4211189,594918BC7,3.5,2035-02-12,8.542,7-12Y,89.818,4.978956,4.592245037645448,38.671,2026-07-29,0,AAA,Aaa,Y,N
2026-07-29,Microsoft,MICROSOFT CORP,MSFT4307004,594918BK9,4.2,2035-11-03,9.265,7-12Y,94.34,4.969275,4.630793976728269,33.848,2026-07-29,0,AAA,Aaa,Y,N
2026-07-29,Microsoft,MICROSOFT CORP,MSFT4389879,594918BS2,3.45,2036-08-08,10.029,7-12Y,85.919,5.277015,4.671552361396304,60.546,2026-07-29,0,AAA,Aaa,Y,N
2026-07-29,Microsoft,MICROSOFT CORP,MSFT4451228,594918BZ6,4.1,2037-02-06,10.527,7-12Y,91.045,5.217034,4.698459958932238,51.857,2026-07-29,0,AAA,Aaa,Y,N
2026-07-29,Microsoft,MICROSOFT CORP,MSFT.GC,594918AD6,5.2,2039-06-01,12.841,12Y+,98.855,5.323445,4.823388090349076,50.006,2026-07-29,0,AAA,Aaa,N,N
2026-07-29,Microsoft,MICROSOFT CORP,MSFT.GH,594918AJ3,4.5,2040-10-01,14.177,12Y+,90.845,5.434099,4.895535934291581,53.856,2026-07-29,0,AAA,Aaa,N,N
2026-07-29,Microsoft,MICROSOFT CORP,MSFT.GK,594918AM6,5.3,2041-02-08,14.533,12Y+,98.834,5.416847,4.914755646817248,50.209,2026-07-29,0,AAA,Aaa,N,N
2026-07-29,Microsoft,MICROSOFT CORP,MSFT3926369,594918AR5,3.5,2042-11-15,16.298,12Y+,76.546,5.733781,5.01011498973306,72.367,2026-07-29,0,AAA,Aaa,N,N
2026-07-29,Microsoft,MICROSOFT CORP,MSFT4000847,594918AU8,3.75,2043-05-01,16.756,12Y+,76.43,5.998816,5.0348049281314164,96.401,2026-07-28,1,AAA,Aaa,Y,N
2026-07-29,Microsoft,MICROSOFT CORP,MSFT4077804,594918AX2,4.875,2043-12-15,17.38,12Y+,95.129448,5.307072,5.068513347022587,23.856,2026-07-29,0,AAA,Aaa,Y,N
2026-07-29,Microsoft,MICROSOFT CORP,MSFT4211190,594918BD5,3.75,2045-02-12,18.543,12Y+,76.945,5.795608,5.131347022587269,66.426,2026-07-29,0,AAA,Aaa,Y,N
2026-07-29,Microsoft,MICROSOFT CORP,MSFT4307006,594918BL7,4.45,2045-11-03,19.266,12Y+,83.583,5.885478,5.170377823408624,71.51,2026-07-29,0,AAA,Aaa,Y,N
2026-07-29,Microsoft,MICROSOFT CORP,MSFT4389880,594918BT0,3.7,2046-08-08,20.027,12Y+,73.7,5.968365,5.2099726214921285,75.839,2026-07-29,0,AAA,Aaa,Y,N
2026-07-29,Microsoft,MICROSOFT CORP,MSFT4451227,594918CA0,4.25,2047-02-06,20.526,12Y+,80.462,5.905252,5.20947433264887,69.578,2026-07-29,0,AAA,Aaa,Y,N
2026-07-29,Microsoft,MICROSOFT CORP,MSFT5828003,594918CU6,4.5,2047-06-15,20.879,12Y+,82.898,5.939693,5.209121149897331,73.057,2026-07-29,0,AAA,Aaa,Y,N
2026-07-29,Microsoft,MICROSOFT CORP,MSFT4996721,594918CC6,2.525,2050-06-01,23.841,12Y+,55.373,6.101136,5.206158795345654,89.498,2026-07-29,0,AAA,Aaa,Y,N
2026-07-29,Microsoft,MICROSOFT CORP,MSFT5828004,594918CW2,2.5,2050-09-15,24.131,12Y+,55.633,6.00501,5.205868583162218,79.914,2026-07-29,0,AAA,Aaa,Y,N
2026-07-29,Microsoft,MICROSOFT CORP,MSFT5152920,594918CE2,2.921,2052-03-17,25.634,12Y+,59.304,6.071956,5.204365503080083,86.759,2026-07-29,0,AAA,Aaa,Y,N
2026-07-29,Microsoft,MICROSOFT CORP,MSFT4211192,594918BE3,4.0,2055-02-12,28.542,12Y+,72.34,6.046224,5.201457905544148,84.477,2026-07-29,0,AAA,Aaa,Y,N
2026-07-29,Microsoft,MICROSOFT CORP,MSFT4307011,594918BM5,4.75,2055-11-03,29.265,12Y+,82.00325,6.071892,5.2007351129363455,87.116,2026-07-29,0,AAA,Aaa,Y,N
2026-07-29,Microsoft,MICROSOFT CORP,MSFT4389882,594918BU7,3.95,2056-08-08,30.029,12Y+,70.355,6.119057,5.2,91.906,2026-07-29,0,AAA,Aaa,Y,N
2026-07-29,Microsoft,MICROSOFT CORP,MSFT4451226,594918CB8,4.5,2057-02-06,30.527,12Y+,79.747,5.9461,5.2,74.61,2026-07-29,0,AAA,Aaa,Y,N
2026-07-29,Microsoft,MICROSOFT CORP,MSFT4997121,594918CD4,2.675,2060-06-01,33.843,12Y+,50.683,6.160031,5.2,96.003,2026-07-29,0,AAA,Aaa,Y,N
2026-07-29,Microsoft,MICROSOFT CORP,MSFT5152696,594918CF9,3.041,2062-03-17,35.633,12Y+,55.634,6.111734,5.2,91.173,2026-07-29,0,AAA,Aaa,Y,N
2026-07-29,Nvidia,NVIDIA CORP,NVDA5203204,67066GAM6,1.55,2028-06-15,1.881,1-3Y,94.825,4.456644,4.198562628336756,25.808,2026-07-29,0,AA,Aa1,Y,N
2026-07-29,Nvidia,NVIDIA CORP,NVDA6427663,67066GAP9,4.25,2028-06-15,1.881,1-3Y,99.578,4.485025,4.198562628336756,28.646,2026-07-29,0,AA,Aa1,N,N
2026-07-29,Nvidia,NVIDIA CORP,NVDA6427662,67066GAQ7,4.35,2029-06-15,2.88,1-3Y,98.914,4.757065,4.281615331964408,47.545,2026-07-29,0,AA,Aa1,Y,N
2026-07-29,Nvidia,NVIDIA CORP,NVDA4971916,67066GAF1,2.85,2030-04-01,3.674,3-7Y,93.521,4.795458,4.316967830253251,47.849,2026-07-29,0,AA,Aa1,Y,N
2026-07-29,Nvidia,NVIDIA CORP,NVDA5203205,67066GAN4,2.0,2031-06-15,4.879,3-7Y,87.852,4.825787,4.365154004106777,46.063,2026-07-29,0,AA,Aa1,Y,N
2026-07-29,Nvidia,NVIDIA CORP,NVDA6427661,67066GAR5,4.5,2031-06-15,4.879,3-7Y,97.759,5.02293,4.365154004106777,65.778,2026-07-29,0,AA,Aa1,Y,N
2026-07-29,Nvidia,NVIDIA CORP,NVDA6427660,67066GAS3,4.75,2033-06-15,6.88,3-7Y,96.64,5.339437,4.501615331964408,83.782,2026-07-29,0,AA,Aa1,Y,N
2026-07-29,Nvidia,NVIDIA CORP,NVDA6427659,67066GAT1,4.95,2036-06-15,9.881,7-12Y,94.947,5.623083,4.6636481861738535,95.943,2026-07-29,0,AA,Aa1,Y,N
2026-07-29,Nvidia,NVIDIA CORP,NVDA4971917,67066GAG9,3.5,2040-04-01,13.676,12Y+,79.3,5.699971,4.868480492813141,83.149,2026-07-29,0,AA,Aa1,Y,N
2026-07-29,Nvidia,NVIDIA CORP,NVDA6427664,67066GAU8,5.55,2046-06-15,19.88,12Y+,92.189,6.240645,5.203494866529774,103.715,2026-07-29,0,AA,Aa1,Y,N
2026-07-29,Nvidia,NVIDIA CORP,NVDA4971918,67066GAH7,3.5,2050-04-01,23.674,12Y+,67.680609,6.096832,5.206325804243669,89.051,2026-07-29,0,AA,Aa1,Y,N
2026-07-29,Nvidia,NVIDIA CORP,NVDA6427665,67066GAV6,5.625,2056-06-15,29.881,12Y+,90.131,6.366973,5.2001190965092405,116.685,2026-07-29,0,AA,Aa1,Y,N
2026-07-29,Nvidia,NVIDIA CORP,NVDA4971919,67066GAJ3,3.7,2060-04-01,33.676,12Y+,68.988462,5.807213,5.2,60.721,2026-07-29,0,AA,Aa1,Y,N
2026-07-29,Oracle,ORACLE CORP,ORCL4563254,68389XBN4,3.25,2027-11-15,1.298,1-3Y,97.324,5.418736,4.093593429158111,132.514,2026-07-29,0,BBB-,Baa2,Y,N
2026-07-29,Oracle,ORACLE CORP,ORCL5153810,68389XCD5,2.3,2028-03-25,1.656,1-3Y,95.172,5.390279,4.158151950718685,123.213,2026-07-29,0,BBB-,Baa2,Y,N
2026-07-29,Oracle,ORACLE CORP,ORCL5535831,68389XCM5,4.5,2028-05-06,1.771,1-3Y,98.67,5.294107,4.178850102669404,111.526,2026-07-29,0,BBB-,Baa2,Y,N
2026-07-29,Oracle,ORACLE CORP,ORCL5995190,68389XCY9,4.8,2028-08-03,2.015,1-3Y,99.104,5.275774,4.221054072553046,105.472,2026-07-29,0,BBB-,Baa2,Y,N
2026-07-29,Oracle,ORACLE CORP,ORCL6302374,68389XDW2,4.55,2029-02-04,2.522,1-3Y,97.444,5.655871,4.256509240246406,139.936,2026-07-29,0,BBB-,Baa2,Y,N
2026-07-29,Oracle,ORACLE CORP,ORCL5903545,68389XCS2,4.2,2029-09-27,3.165,3-7Y,95.955,5.613259,4.296598220396988,131.666,2026-07-29,0,BBB-,Baa2,Y,N
2026-07-29,Oracle,ORACLE CORP,ORCL5500346,68389XCH6,6.15,2029-11-09,3.283,3-7Y,101.169,5.73312,4.301307323750856,143.181,2026-07-29,0,BBB-,Baa2,Y,N
2026-07-29,Oracle,ORACLE CORP,ORCL4972623,68389XBV6,2.95,2030-04-01,3.674,3-7Y,89.823,6.084865,4.316967830253251,176.79,2026-07-29,0,BBB-,Baa2,Y,N
2026-07-29,Oracle,ORACLE CORP,ORCL5536129,68389XCN3,4.65,2030-05-06,3.77,3-7Y,95.712,5.934581,4.3208008213552365,161.378,2026-07-29,0,BBB-,Baa2,Y,N
2026-07-29,Oracle,ORACLE CORP,ORCL4239818,68389XBD6,3.25,2030-05-15,3.795,3-7Y,90.778,6.003941,4.321786447638604,168.215,2026-07-29,0,BBB-,Baa2,Y,N
2026-07-29,Oracle,ORACLE CORP,ORCL6185638,68389XDH5,4.45,2030-09-26,4.162,3-7Y,93.999,6.104834,4.336461327857632,176.837,2026-07-29,0,BBB-,Baa2,Y,N
2026-07-29,Oracle,ORACLE CORP,ORCL6302372,68389XDX0,4.95,2031-02-04,4.52,3-7Y,95.266,6.167953,4.350807665982204,181.715,2026-07-29,0,BBB-,Baa2,Y,N
2026-07-29,Oracle,ORACLE CORP,ORCL5153811,68389XCE3,2.875,2031-03-25,4.654,3-7Y,86.843,6.170003,4.356173853524983,181.383,2026-07-29,0,BBB-,Baa2,Y,N
2026-07-29,Oracle,ORACLE CORP,ORCL5995196,68389XCZ6,5.25,2032-02-03,5.517,3-7Y,95.372,6.256046,4.406173853524983,184.987,2026-07-29,0,BBB-,Baa2,Y,N
2026-07-29,Oracle,ORACLE CORP,ORCL6185639,68389XDK8,4.8,2032-09-26,6.163,3-7Y,91.712,6.451098,4.451403148528406,199.969,2026-07-29,0,BBB-,Baa2,Y,N
2026-07-29,Oracle,ORACLE CORP,ORCL5500544,68389XCJ2,6.25,2032-11-09,6.283,3-7Y,99.854,6.276175,4.459835728952772,181.634,2026-07-29,0,BBB-,Baa2,Y,N
2026-07-29,Oracle,ORACLE CORP,ORCL5535961,68389XCP8,4.9,2033-02-06,6.527,3-7Y,91.35,6.5519,4.476892539356605,207.501,2026-07-29,0,BBB-,Baa2,Y,N
2026-07-29,Oracle,ORACLE CORP,ORCL6302371,68389XDY8,5.35,2033-05-04,6.765,3-7Y,93.34,6.580046,4.493566050650239,208.648,2026-07-29,0,BBB-,Baa2,Y,N
2026-07-29,Oracle,ORACLE CORP,ORCL4141354,68389XAV7,4.3,2034-07-08,7.943,7-12Y,84.946,6.782988,4.560266940451745,222.272,2026-07-29,0,BBB-,Baa2,Y,N
2026-07-29,Oracle,ORACLE CORP,ORCL5903544,68389XCT0,4.7,2034-09-27,8.164,7-12Y,89.103,6.436553,4.572094455852156,186.446,2026-07-29,0,BBB-,Baa2,Y,N
2026-07-29,Oracle,ORACLE CORP,ORCL4239815,68389XBE4,3.9,2035-05-15,8.794,7-12Y,80.594,6.876799,4.605678758840976,227.112,2026-07-29,0,BBB-,Baa2,Y,N
2026-07-29,Oracle,ORACLE CORP,ORCL5995189,68389XDA0,5.5,2035-08-03,9.013,7-12Y,91.235,6.818063,4.61736025553274,220.07,2026-07-29,0,BBB-,Baa2,Y,N
2026-07-29,Oracle,ORACLE CORP,ORCL6185589,68389XDM4,5.2,2035-09-26,9.161,7-12Y,89.102,6.818411,4.6252452657996805,219.317,2026-07-29,0,BBB-,Baa2,Y,N
2026-07-29,Oracle,ORACLE CORP,ORCL6302370,68389XDZ5,5.7,2036-02-04,9.52,7-12Y,91.938,6.868255,4.644373716632443,222.388,2026-07-29,0,BBB-,Baa2,Y,N
2026-07-29,Oracle,ORACLE CORP,ORCL4379407,68389XBH7,3.85,2036-07-15,9.963,7-12Y,78.088,6.932754,4.668028747433265,226.473,2026-07-29,0,BBB-,Baa2,Y,N
2026-07-29,Oracle,ORACLE CORP,ORCL4563255,68389XBP9,3.8,2037-11-15,11.299,7-12Y,74.465,7.129442,4.740151950718686,238.929,2026-07-29,0,BBB-,Baa2,Y,N
2026-07-29,Oracle,ORACLE CORP,ORCL.GL,68389XAE5,6.5,2038-04-15,11.713,7-12Y,94.994,7.136164,4.762476386036961,237.369,2026-07-29,0,BBB-,Baa2,N,N
2026-07-29,Oracle,ORACLE CORP,ORCL.GP,68389XAH8,6.125,2039-07-08,12.942,12Y+,90.087,7.322822,4.8288583162217655,249.396,2026-07-29,0,BBB-,Baa2,N,N
2026-07-29,Oracle,ORACLE CORP,ORCL4972630,68389XBW4,3.6,2040-04-01,13.676,12Y+,68.549,7.267336,4.868480492813141,239.886,2026-07-29,0,BBB-,Baa2,Y,N
2026-07-29,Oracle,ORACLE CORP,ORCL.GU,68389XAM7,5.375,2040-07-15,13.963,12Y+,81.855,7.492825,4.884004106776181,260.882,2026-07-29,0,BBB-,Baa2,N,N
2026-07-29,Oracle,ORACLE CORP,ORCL5153812,68389XBZ7,3.65,2041-03-25,14.656,12Y+,66.893,7.385147,4.921408624229979,246.374,2026-07-29,0,BBB-,Baa2,Y,N
2026-07-29,Oracle,ORACLE CORP,ORCL4141355,68389XAW5,4.5,2044-07-08,17.944,12Y+,69.753,7.620304,5.0989691991786446,252.133,2026-07-29,0,BBB-,Baa2,Y,N
2026-07-29,Oracle,ORACLE CORP,ORCL4239819,68389XBF1,4.125,2045-05-15,18.795,12Y+,65.205,7.643007,5.144948665297742,249.806,2026-07-29,0,BBB-,Baa2,Y,N
2026-07-29,Oracle,ORACLE CORP,ORCL6186138,68389XDP7,5.875,2045-09-26,19.162,12Y+,81.004,7.800371,5.1647597535934295,263.561,2026-07-29,0,BBB-,Baa2,Y,N
2026-07-29,Oracle,ORACLE CORP,ORCL6302369,68389XEA9,6.55,2046-02-04,19.521,12Y+,87.348,7.825108,5.184127310061601,264.098,2026-07-29,0,BBB-,Baa2,Y,N
2026-07-29,Oracle,ORACLE CORP,ORCL4379408,68389XBJ3,4.0,2046-07-15,19.962,12Y+,62.399,7.72515,5.207930184804928,251.722,2026-07-29,0,BBB-,Baa2,Y,N
2026-07-29,Oracle,ORACLE CORP,ORCL4563256,68389XBQ7,4.0,2047-11-15,21.298,12Y+,61.408,7.720186,5.208702258726899,251.148,2026-07-29,0,BBB-,Baa2,Y,N
2026-07-29,Oracle,ORACLE CORP,ORCL4972631,68389XBX2,3.6,2050-04-01,23.674,12Y+,56.589,7.569184,5.206325804243669,236.286,2026-07-29,0,BBB-,Baa2,Y,N
2026-07-29,Oracle,ORACLE CORP,ORCL5153813,68389XCA1,3.95,2051-03-25,24.654,12Y+,59.361,7.631916,5.205345653661875,242.657,2026-07-29,0,BBB-,Baa2,Y,N
2026-07-29,Oracle,ORACLE CORP,ORCL5500354,68389XCK9,6.9,2052-11-09,26.283,12Y+,87.12165,8.08821,5.203716632443532,288.449,2026-07-29,0,BBB-,Baa2,Y,N
2026-07-29,Oracle,ORACLE CORP,ORCL5536131,68389XCQ6,5.55,2053-02-06,26.527,12Y+,73.976,7.910184,5.203472963723478,270.671,2026-07-29,0,BBB-,Baa2,Y,N
2026-07-29,Oracle,ORACLE CORP,ORCL5902731,68389XCU7,5.375,2054-09-27,28.164,12Y+,71.908,7.86826,5.201835728952772,266.642,2026-07-29,0,BBB-,Baa2,Y,N
2026-07-29,Oracle,ORACLE CORP,ORCL4239814,68389XBG9,4.375,2055-05-15,28.794,12Y+,61.964,7.668245,5.201206023271732,246.704,2026-07-29,0,BBB-,Baa2,Y,N
2026-07-29,Oracle,ORACLE CORP,ORCL5995192,68389XDB8,6.0,2055-08-03,29.013,12Y+,81.143,7.622561,5.200986995208761,242.157,2026-07-29,0,BBB-,Baa2,Y,N
2026-07-29,Oracle,ORACLE CORP,ORCL6186139,68389XDR3,5.95,2055-09-26,29.161,12Y+,77.591,7.931567,5.200839151266256,273.073,2026-07-29,0,BBB-,Baa2,Y,N
2026-07-29,Oracle,ORACLE CORP,ORCL6302045,68389XEB7,6.7,2056-02-04,29.52,12Y+,86.6287,7.872661,5.200480492813142,267.218,2026-07-29,0,BBB-,Baa2,Y,N
2026-07-29,Oracle,ORACLE CORP,ORCL4972632,68389XBY0,3.85,2060-04-01,33.676,12Y+,55.041,7.548174,5.2,234.817,2026-07-29,0,BBB-,Baa2,Y,N
2026-07-29,Oracle,ORACLE CORP,ORCL5153814,68389XCB9,4.1,2061-03-25,34.656,12Y+,57.715,7.560957,5.2,236.096,2026-07-29,0,BBB-,Baa2,Y,N
2026-07-29,Oracle,ORACLE CORP,ORCL5902732,68389XCV5,5.5,2064-09-27,38.166,12Y+,73.191,7.681346,5.2,248.135,2026-07-29,0,BBB-,Baa2,Y,N
2026-07-29,Oracle,ORACLE CORP,ORCL5995218,68389XDC6,6.125,2065-08-03,39.014,12Y+,77.358,8.031849,5.2,283.185,2026-07-29,0,BBB-,Baa2,Y,N
2026-07-29,Oracle,ORACLE CORP,ORCL6186140,68389XDT9,6.1,2065-09-26,39.162,12Y+,77.484,7.984676,5.2,278.468,2026-07-29,0,BBB-,Baa2,Y,N
2026-07-29,Oracle,ORACLE CORP,ORCL6302044,68389XEC5,6.85,2066-02-04,39.521,12Y+,86.323,7.995088,5.2,279.509,2026-07-29,0,BBB-,Baa2,Y,N
