date,GOOGL,AMZN,AVGO,META,MSFT,NVDA,ORCL
2025-08-26,207.14,228.71,298.01,754.1,502.04,181.77,234.21
2025-08-27,207.48,229.12,300.25,747.38,506.74,181.6,235.81
2025-08-28,211.64,231.6,308.65,751.11,509.64,180.17,240.32
2025-08-29,212.91,229.0,297.39,738.7,506.69,174.18,226.13
2025-09-02,211.35,225.34,298.24,735.11,505.12,170.78,225.3
2025-09-03,230.66,225.99,302.39,737.05,505.35,170.62,223.45
2025-09-04,232.3,235.68,306.1,748.65,507.97,171.66,223.0
2025-09-05,235.0,232.33,334.89,752.45,495.0,167.02,232.8
2025-09-08,234.04,235.84,345.65,752.3,498.2,168.31,238.48
2025-09-09,239.63,238.24,336.67,765.7,498.41,170.76,241.51
2025-09-10,239.17,230.33,369.57,751.98,500.37,177.33,328.33
2025-09-11,240.37,229.95,359.63,750.9,501.01,177.17,307.86
2025-09-12,240.8,228.15,359.87,755.59,509.9,177.82,292.18
2025-09-15,251.61,231.43,364.09,764.7,515.36,177.75,302.14
2025-09-16,251.16,234.05,360.0,779.0,509.04,174.88,306.65
2025-09-17,249.53,231.62,346.17,775.72,510.02,170.29,301.41
2025-09-18,252.03,231.23,345.35,780.25,508.45,176.24,296.62
2025-09-19,254.72,231.48,344.94,778.38,517.93,176.67,308.66
2025-09-22,252.53,227.63,338.79,765.16,514.45,183.61,328.15
2025-09-23,251.66,220.71,338.94,755.4,509.23,178.43,313.83
2025-09-24,247.14,220.21,339.31,760.66,510.15,176.97,308.46
2025-09-25,245.79,218.15,336.1,748.91,507.03,177.69,291.33
2025-09-26,246.54,219.78,334.53,743.75,511.46,178.19,283.46
2025-09-29,244.05,222.17,327.9,743.4,514.6,181.85,282.76
2025-09-30,243.1,219.57,329.91,734.38,517.95,186.58,281.24
2025-10-01,244.9,220.63,333.39,717.34,519.71,187.24,289.01
2025-10-02,245.69,222.41,338.18,727.05,515.74,188.89,288.78
2025-10-03,245.35,219.51,338.37,710.56,517.35,187.62,286.14
2025-10-06,250.43,220.9,335.49,715.66,528.57,185.54,291.59
2025-10-07,245.76,221.78,336.41,713.08,523.98,185.04,284.24
2025-10-08,244.62,225.22,345.5,717.84,524.85,189.11,288.63
2025-10-09,241.53,227.74,345.02,733.51,522.4,192.57,296.96
2025-10-10,236.57,216.37,324.63,705.3,510.96,183.16,292.96
2025-10-13,244.15,220.07,356.7,715.7,514.05,188.32,308.01
2025-10-14,245.45,216.39,344.13,708.65,513.57,180.03,299.0
2025-10-15,251.03,215.57,351.33,717.55,513.43,179.83,303.62
2025-10-16,251.46,214.47,354.15,712.07,511.61,181.81,313.0
2025-10-17,253.3,213.04,349.33,716.91,513.58,183.22,291.31
2025-10-20,256.55,216.48,349.24,732.17,516.79,182.64,277.18
2025-10-21,250.46,222.03,342.66,733.27,517.66,181.16,275.15
2025-10-22,251.69,217.95,340.3,733.41,520.54,180.28,272.66
2025-10-23,253.08,221.09,344.29,734.0,520.56,182.16,280.07
2025-10-24,259.92,224.21,354.13,738.36,523.61,186.26,283.33
2025-10-27,269.27,226.97,362.05,750.82,531.52,191.49,281.4
2025-10-28,267.47,229.25,372.97,751.44,542.07,201.03,280.83
2025-10-29,274.57,230.3,385.98,751.67,541.55,207.04,275.3
2025-10-30,281.48,222.86,376.47,666.47,525.76,202.89,256.89
2025-10-31,281.19,244.22,369.63,648.35,517.81,202.49,262.61
2025-11-03,283.72,254.0,362.55,637.71,517.03,206.88,257.85
2025-11-04,277.54,249.32,351.94,627.32,514.33,198.69,248.17
2025-11-05,284.31,250.2,358.98,635.95,507.16,195.21,250.31
2025-11-06,284.75,243.04,355.59,618.94,497.1,188.08,243.8
2025-11-07,278.83,244.41,349.43,621.71,496.82,188.15,239.26
2025-11-10,290.1,248.4,358.39,631.76,506.0,199.05,240.83
2025-11-11,291.31,249.1,351.96,627.08,508.68,193.16,236.15
2025-11-12,286.71,244.2,355.22,609.01,511.14,193.8,226.99
2025-11-13,278.57,237.58,339.98,609.89,503.29,186.86,217.57
2025-11-14,276.41,234.69,342.46,609.46,510.18,190.17,222.85
2025-11-17,285.02,232.87,342.65,602.01,507.49,186.6,219.86
2025-11-18,284.28,222.55,340.5,597.69,493.79,181.36,220.49
2025-11-19,292.81,222.69,354.42,590.32,487.12,186.52,225.53
2025-11-20,289.45,217.14,346.82,589.15,478.43,180.64,210.69
2025-11-21,299.66,220.69,340.2,594.25,472.12,178.88,198.76
2025-11-24,318.58,226.28,377.96,613.05,474.0,182.55,200.28
2025-11-25,323.44,229.67,385.03,636.22,476.99,177.82,197.03
2025-11-26,319.95,229.16,397.57,633.61,485.5,180.26,204.96
2025-11-28,320.18,233.22,402.96,647.95,492.01,177.0,201.95
2025-12-01,314.89,233.88,386.08,640.87,486.74,179.92,200.94
2025-12-02,315.81,234.42,381.57,647.1,490.0,181.46,201.1
2025-12-03,319.63,232.38,380.61,639.6,477.73,179.59,207.73
2025-12-04,317.62,229.11,381.03,661.53,480.84,183.38,214.33
2025-12-05,321.27,229.53,390.24,673.42,483.16,182.41,217.58
2025-12-08,313.72,226.89,401.1,666.8,491.02,185.55,220.54
2025-12-09,317.08,227.92,406.29,656.96,492.02,184.97,221.53
2025-12-10,320.21,231.78,412.97,650.13,478.56,183.78,223.01
2025-12-11,312.43,230.28,406.37,652.71,483.47,180.93,198.85
2025-12-12,309.29,226.19,359.93,644.23,478.53,175.02,189.97
2025-12-15,308.22,222.54,339.81,647.51,474.82,176.29,184.92
2025-12-16,306.57,222.56,341.3,657.15,476.39,177.72,188.65
2025-12-17,296.72,221.27,326.02,649.5,476.12,170.94,178.46
2025-12-18,302.46,226.76,329.88,664.45,483.98,174.14,180.03
2025-12-19,307.16,227.35,340.36,658.77,485.92,180.99,191.97
2025-12-22,309.78,228.43,341.45,661.5,484.92,183.69,198.38
2025-12-23,314.35,232.14,349.32,664.94,486.85,189.21,195.34
2025-12-24,314.09,232.38,350.22,667.55,488.02,188.61,197.49
2025-12-26,313.51,232.52,352.13,663.29,487.71,190.53,197.99
2025-12-29,313.56,232.07,349.39,658.69,487.1,188.22,195.38
2025-12-30,313.85,232.53,349.85,665.95,487.48,187.54,197.21
2025-12-31,313.0,230.82,346.1,660.09,483.62,186.5,194.91
2026-01-02,315.15,226.5,347.62,650.41,472.94,188.85,195.71
2026-01-05,316.54,233.06,343.42,658.79,472.85,188.12,192.59
2026-01-06,314.34,240.93,343.77,660.62,478.51,187.24,193.75
2026-01-07,321.98,241.56,343.5,648.69,483.47,189.11,192.84
2026-01-08,325.44,246.29,332.48,646.06,478.11,185.04,189.65
2026-01-09,328.57,247.38,344.97,653.06,479.28,184.86,198.52
2026-01-12,331.86,246.47,352.21,641.97,477.18,184.94,204.68
2026-01-13,335.97,242.6,354.61,631.09,470.67,185.81,202.29
2026-01-14,335.84,236.65,339.89,615.52,459.38,183.14,193.61
2026-01-15,332.78,238.18,343.02,620.8,456.66,187.05,189.85
2026-01-16,330.0,239.12,351.71,620.25,459.86,186.23,191.09
2026-01-20,322.0,231.0,332.6,604.12,454.52,178.07,179.92
2026-01-21,328.38,231.31,328.8,612.96,444.11,183.32,173.88
2026-01-22,330.54,234.34,325.49,647.63,451.14,184.84,178.18
2026-01-23,327.93,239.16,320.05,658.76,465.95,187.67,177.16
2026-01-26,333.26,238.42,324.85,672.36,470.28,186.47,182.44
2026-01-27,334.55,244.68,332.79,672.97,480.58,188.52,174.9
2026-01-28,336.01,243.01,333.24,668.73,481.63,191.52,172.8
2026-01-29,338.25,241.73,330.73,738.31,433.5,192.51,169.01
2026-01-30,338.0,239.3,331.3,716.5,430.29,191.13,164.58
2026-02-02,343.69,242.96,331.11,706.41,423.37,185.61,160.06
2026-02-03,339.71,238.62,320.33,691.7,411.21,180.34,154.67
2026-02-04,333.04,232.99,308.05,668.99,414.19,174.19,146.67
2026-02-05,331.25,222.69,310.51,670.21,393.67,171.88,136.48
2026-02-06,322.86,210.32,332.92,661.46,401.14,185.41,142.82
2026-02-09,324.32,208.72,343.94,677.22,413.6,190.04,156.59
2026-02-10,318.58,206.96,340.44,670.72,413.27,188.54,159.89
2026-02-11,310.96,204.08,342.76,668.69,404.37,190.05,157.16
2026-02-12,309.0,199.6,331.17,649.81,401.84,186.94,156.48
2026-02-13,305.72,198.79,325.17,639.77,401.32,182.81,160.14
2026-02-17,302.02,201.15,332.54,639.29,396.86,184.97,153.97
2026-02-18,303.33,204.79,333.51,643.22,399.6,187.98,156.17
2026-02-19,302.85,204.86,333.99,644.78,398.46,187.9,156.54
2026-02-20,314.98,210.11,332.65,655.66,397.23,189.82,148.08
2026-02-23,311.49,205.27,330.34,637.25,384.47,191.55,141.31
2026-02-24,310.9,208.56,325.49,639.3,389.0,192.85,146.14
2026-02-25,312.9,210.64,332.31,653.69,400.6,195.56,147.89
2026-02-26,307.38,207.92,321.7,657.01,401.72,184.89,150.31
2026-02-27,311.76,210.0,319.55,648.18,392.74,177.19,145.4
2026-03-02,306.52,208.39,318.82,653.56,398.55,182.48,149.25
2026-03-03,303.58,208.73,313.84,655.08,403.93,180.05,149.01
2026-03-04,303.13,216.82,317.53,667.73,405.2,183.04,152.37
2026-03-05,300.88,218.94,332.77,660.57,410.68,183.34,154.79
2026-03-06,298.52,213.21,330.48,644.86,408.96,177.82,152.96
2026-03-09,306.36,213.49,345.75,647.39,409.41,182.65,151.56
2026-03-10,307.04,214.33,342.58,654.07,405.76,184.77,149.4
2026-03-11,308.7,212.65,341.57,654.86,404.88,186.03,163.12
2026-03-12,303.55,209.53,335.97,638.18,401.86,183.14,159.16
2026-03-13,302.28,207.67,322.16,613.71,395.55,180.25,155.11
2026-03-16,305.56,211.74,324.92,627.45,399.95,183.22,155.97
2026-03-17,310.92,215.2,321.31,622.66,399.41,181.93,154.69
2026-03-18,307.69,209.87,315.93,615.68,391.79,180.4,152.9
2026-03-19,307.13,208.76,319.84,606.7,389.02,178.56,155.52
2026-03-20,301.0,205.37,310.51,593.66,381.87,172.7,149.68
2026-03-23,302.06,210.14,322.51,604.06,383.0,175.64,154.34
2026-03-24,290.44,207.24,318.29,592.92,372.74,175.2,147.09
2026-03-25,290.93,211.71,318.81,594.89,371.04,178.68,146.02
2026-03-26,280.92,207.54,309.42,547.54,365.97,171.24,142.81
2026-03-27,274.34,199.34,300.68,525.72,356.77,167.52,139.66
2026-03-30,273.5,200.95,293.41,536.38,358.96,165.17,138.8
2026-03-31,287.56,208.27,309.51,572.13,370.17,174.4,147.11
2026-04-01,297.39,210.57,313.49,579.23,369.37,175.75,145.23
2026-04-02,295.77,209.77,314.55,574.46,373.46,177.39,146.38
2026-04-06,299.99,212.79,314.43,573.02,372.88,177.64,145.54
2026-04-07,305.46,213.77,333.97,575.05,372.29,178.1,143.17
2026-04-08,317.32,221.25,350.63,612.42,374.33,182.08,143.66
2026-04-09,318.49,233.65,354.91,628.39,373.07,183.91,137.86
2026-04-10,317.24,238.38,371.55,629.86,370.87,188.63,138.09
2026-04-13,321.31,239.89,379.75,634.53,384.37,189.31,155.62
2026-04-14,332.91,249.02,380.78,662.49,393.11,196.51,163.0
2026-04-15,337.12,248.5,396.72,671.58,411.22,198.87,169.81
2026-04-16,336.02,249.7,398.47,676.87,420.26,198.35,178.34
2026-04-17,341.68,250.56,406.54,688.55,422.79,201.68,175.06
2026-04-20,337.42,248.28,399.63,670.91,418.07,202.06,177.58
2026-04-21,332.29,249.91,402.17,668.84,424.16,199.88,181.17
2026-04-22,339.32,255.36,422.65,674.72,432.92,202.5,187.5
2026-04-23,338.89,255.08,419.94,659.15,415.75,199.64,176.28
2026-04-24,344.4,263.99,422.76,675.03,424.62,208.27,173.28
2026-04-27,350.34,261.12,418.2,678.62,424.82,216.61,172.96
2026-04-28,349.78,259.7,399.83,671.34,429.25,213.17,165.96
2026-04-29,349.94,263.04,405.45,669.12,424.46,209.25,163.83
2026-04-30,384.8,265.06,417.43,611.91,407.78,199.57,161.39
2026-05-01,385.69,268.26,421.28,608.75,414.44,198.45,171.83
2026-05-04,383.25,272.05,416.5,610.41,413.62,198.48,180.29
2026-05-05,388.43,273.55,427.36,604.96,411.38,196.5,185.35
2026-05-06,398.04,274.99,425.44,612.88,413.96,207.83,194.03
2026-05-07,397.99,271.17,412.56,616.81,420.77,211.5,194.59
2026-05-08,400.8,272.68,430.0,609.63,415.12,215.2,195.95
2026-05-11,388.64,268.99,428.43,598.86,412.66,219.44,193.84
2026-05-12,387.35,265.82,419.3,603.0,407.77,220.78,186.83
2026-05-13,402.62,270.13,416.79,616.63,405.21,225.83,189.76
2026-05-14,401.07,267.22,439.79,618.43,409.43,235.74,195.61
2026-05-15,396.78,264.14,425.19,614.23,421.92,225.32,192.95
2026-05-18,396.94,264.86,420.71,611.21,423.54,222.32,186.61
2026-05-19,387.66,259.34,411.07,602.61,417.42,220.61,181.46
2026-05-20,388.91,265.01,417.76,605.06,421.06,223.47,188.16
2026-05-21,387.66,268.46,414.57,607.38,419.09,219.51,189.77
2026-05-22,382.97,266.32,414.14,610.26,418.57,215.33,192.08
2026-05-26,388.88,265.29,422.01,612.34,416.03,214.86,193.06
2026-05-27,388.83,271.85,421.86,635.25,412.67,212.6,190.96
2026-05-28,390.13,274.0,426.58,635.29,426.99,214.25,203.7
2026-05-29,380.34,270.64,446.77,632.51,450.24,211.14,225.78
2026-06-01,376.37,261.26,459.97,600.47,460.52,224.36,248.15
2026-06-02,361.85,256.52,481.57,597.63,441.31,222.82,244.58
2026-06-03,358.99,250.02,479.23,622.98,427.34,214.75,230.33
2026-06-04,372.19,253.79,418.91,627.57,428.05,218.66,236.34
2026-06-05,368.53,246.03,385.73,593.0,416.67,205.1,213.68
2026-06-08,363.31,245.22,396.6,585.39,411.74,208.64,211.82
2026-06-09,364.26,244.19,392.16,584.59,403.41,208.19,205.81
2026-06-10,356.38,238.0,372.1,570.98,397.36,200.42,201.26
2026-06-11,357.77,241.51,385.57,568.43,390.34,204.87,184.1
2026-06-12,359.68,238.55,382.07,566.98,390.74,205.19,184.13
2026-06-15,369.35,246.02,393.94,593.48,399.76,212.45,192.64
2026-06-16,373.25,246.0,376.71,600.21,393.83,207.41,188.33
2026-06-17,363.79,237.5,392.9,567.58,378.91,204.65,183.53
2026-06-18,368.03,244.39,411.35,577.22,379.4,210.69,184.29
2026-06-22,349.68,232.79,392.13,563.85,367.34,208.65,175.07
2026-06-23,346.13,234.11,380.15,562.2,373.94,200.04,165.16
2026-06-24,345.29,234.27,382.07,557.67,365.46,199.0,157.53
2026-06-25,343.71,227.01,378.91,542.87,352.83,195.74,152.46
2026-06-26,337.39,232.69,365.02,550.25,372.97,192.53,148.53
2026-06-29,353.65,240.14,372.45,562.6,368.57,194.97,147.76
2026-06-30,357.37,238.34,377.75,563.29,373.02,200.09,146.55
2026-07-01,361.21,241.7,369.34,612.91,384.28,197.58,142.5
2026-07-02,359.91,242.67,360.45,582.9,390.49,194.83,140.27
2026-07-06,366.46,244.16,373.9,600.29,386.74,195.55,143.76
2026-07-07,367.03,245.98,370.78,615.58,388.84,196.93,141.6
2026-07-08,361.92,243.62,388.69,603.12,383.34,204.12,140.49
2026-07-09,358.89,247.04,401.11,631.48,384.36,202.78,144.22
2026-07-10,357.18,245.34,399.97,669.21,385.1,210.96,140.64
2026-07-13,352.51,247.31,384.05,656.73,390.99,203.53,131.54
2026-07-14,359.51,247.49,389.11,661.04,384.93,211.8,127.94
2026-07-15,370.92,254.96,394.28,681.31,395.63,212.5,132.49
2026-07-16,354.46,249.89,374.45,664.54,401.1,207.4,124.21
2026-07-17,346.77,247.23,370.82,646.01,393.82,202.81,126.41
2026-07-20,351.99,249.99,378.16,645.85,402.29,203.28,121.38
2026-07-21,347.15,247.55,386.5,643.81,397.75,207.29,127.05
2026-07-22,342.09,244.85,396.81,627.17,390.34,212.06,125.84
2026-07-23,317.69,233.66,392.47,606.1,381.58,208.76,120.04
2026-07-24,319.74,232.11,381.92,595.19,381.7,206.84,114.99
2026-07-27,326.56,231.39,383.22,593.87,389.1,196.51,119.9
2026-07-28,333.71,230.86,380.91,593.41,393.35,197.01,119.96
2026-07-29,336.71,226.65,370.32,585.61,390.54,190.01,117.74
2026-07-30,333.66,235.5,387.84,539.03,451.1,195.04,127.56
2026-07-31,356.13,271.58,389.28,556.71,464.72,200.75,129.87
2026-08-03,373.51,284.02,392.23,590.24,487.65,206.64,141.85
2026-08-04,377.65,277.42,418.16,587.94,492.81,211.94,145.74
2026-08-05,362.43,272.65,418.28,588.77,487.46,219.22,144.39
2026-08-06,357.75,272.26,420.56,589.9,499.86,218.99,143.47
2026-08-07,354.3,274.48,427.76,592.1,499.99,223.96,147.02
2026-08-10,357.52,278.09,422.4,594.92,506.06,217.55,151.05
2026-08-11,343.8,272.27,416.08,599.12,503.81,217.5,145.48
2026-08-12,343.54,267.28,416.05,578.85,492.43,224.09,153.28
2026-08-13,346.36,265.13,417.82,594.97,496.88,225.3,156.22
2026-08-14,345.9,262.65,392.99,589.85,495.4,225.16,150.52
2026-08-17,344.0,261.31,392.43,568.97,480.35,225.01,146.65
2026-08-18,344.2,259.45,380.0,543.67,481.63,219.74,142.79
2026-08-19,344.72,265.84,362.48,546.03,484.31,217.56,143.81
2026-08-20,340.67,260.11,364.03,545.83,481.15,216.85,142.07
2026-08-21,344.82,258.63,368.45,549.9,483.24,214.72,146.47
2026-08-24,348.06,262.07,358.76,559.02,487.31,208.48,142.45
2026-08-25,346.96,261.06,356.74,570.05,491.71,213.05,144.76
